<?xml version="1.0" encoding="UTF-8"?>
<beans:beans xmlns="http://www.springframework.org/schema/mvc"
	xmlns:xsi="http://www.w3.org/2001/XMLSchema-instance"
	xmlns:beans="http://www.springframework.org/schema/beans"
	xmlns:context="http://www.springframework.org/schema/context"
	xsi:schemaLocation="http://www.springframework.org/schema/mvc https://www.springframework.org/schema/mvc/spring-mvc.xsd
		http://www.springframework.org/schema/beans https://www.springframework.org/schema/beans/spring-beans.xsd
		http://www.springframework.org/schema/context https://www.springframework.org/schema/context/spring-context.xsd">

	<!-- DispatcherServlet Context: defines this servlet's request-processing infrastructure -->

	<annotation-driven />

	<resources mapping="/resources/**" location="/resources/" />

	<!-- Resolves views selected for rendering by @Controllers to .jsp resources in the /WEB-INF/views directory -->

	<beans:bean class="org.springframework.web.servlet.view.InternalResourceViewResolver">
		<beans:property name="prefix" value="/WEB-INF/views/" />
		<beans:property name="suffix" value=".jsp" />
	</beans:bean>
	

	<context:component-scan base-package="com.kh.ski" />
	
	<beans:bean id="propertyConfigurer" class="org.springframework.beans.factory.config.PropertyPlaceholderConfigurer">

</beans:bean>
	
	
	<!-- 인터셉터 등록 -->
	<!--  
	<interceptors>
		<interceptor>
			<mapping path="/myPage.me" />
			<mapping path="/update.me" />
			<mapping path="/enrollForm.bo" />
			<mapping path="/insert.bo" />
			<mapping path="/updateForm.bo" />
			<beans:bean class="com.kh.spring.common.interceptor.LoginInterceptor" 
						id="loginInterceptor" />
		</interceptor>
	</interceptors>
	-->
</beans:beans>