<?xml version="1.0" encoding="UTF-8" ?>
<!DOCTYPE mapper
    PUBLIC "-//mybatis.org//DTD Mapper 3.0//EN"
    "http://mybatis.org/dtd/mybatis-3-mapper.dtd">
	
	
	
<mapper namespace="locker">
<resultMap id="lockerResultMap" type="com.kh.ski.locker.model.vo.Locker">
    <result property="lockerNo" column="LOCKER_NO"/>
    <result property="lockerPrice" column="LOCKER_PRICE"/>
</resultMap>
    <!-- 모든 락커 조회 -->
    <select id="findAllLockers" resultType="Locker">
        SELECT * FROM LOCKER
    </select>

<select id="findLockerById" parameterType="int" resultMap="lockerResultMap">
    SELECT LOCKER_NO, LOCKER_PRICE
    FROM LOCKER
    WHERE LOCKER_NO = #{lockerNo}
</select>


<insert id="insertPayLocker" parameterType="lockerpay">
    INSERT INTO LOCKER_RESERV (LOCKER_RESERV_NO
                             , LOCKER_START_DATE
                             , LOCKER_END_DATE
                             , LOCKER_TOTAL_PRICE
                             , TID
                             , MEMBER_NO
                             , LOCKER_NO)
	VALUES(SEQ_LOCKER_RESERV_NO.NEXTVAL
	               , #{lockerStartDate}
	               , #{lockerEndDate}
	               , #{lockerTotalPrice}
	               , #{tid}
	               , #{memberNo}
	               , #{lockerNo})
</insert>


</mapper>
