<?xml version="1.0" encoding="UTF-8"?>
<!DOCTYPE mapper PUBLIC "-//mybatis.org//DTD Mapper 3.0//EN" "mybatis-3-mapper.dtd" >
<mapper namespace="member">
	
	<resultMap id="memberResultSet" type="member">
		<id column="MEMBER_NO" property="memberNo" />
		<result column="MEMBER_ID" property="memberId" />		
		<result column="MEMBER_PWD" property="memberPwd" />
		<result column="MEMBER_NAME" property="memberName" />
		<result column="EMAIL" property="email" />
		<result column="TEMP_PWD" property ="tempPwd" />
		<result column="BIRTH_DATE" property="birthDate" />
		<result column="PHONE" property="phone" />
		<result column="ADDRESS" property="address" />
		<result column="CREATE_DATE" property="createDate" />
		<result column="KAKAO_LOGIN" property="kakaoLogin" />
		<result column="GOOGLE_LOGIN" property="googleLogin" />
		<result column="MEMBER_STATUS" property="memberStatus" />
	</resultMap>
	
	<resultMap id="emailCertResultSet" type="emailCert">
		<id column="CERT_NO" property="certNo" />
		<result column="EMAIL" property="email" />
		<result column="CREATE_TIME" property="createTime" />
	</resultMap>
	
	<select id="loginMember" 
			parameterType="member"
			resultMap="memberResultSet">
		SELECT *
		  FROM MEMBER
		 WHERE MEMBER_ID = #{memberId}
		   AND MEMBER_STATUS = 'Y'
	</select>
	
		<insert id="insertMember" parameterType="member">
		    INSERT INTO MEMBER (
		        MEMBER_NO, 
		        MEMBER_ID, 
		        MEMBER_PWD, 
		        MEMBER_NAME, 
		        EMAIL, 
		        BIRTH_DATE, 
		        PHONE,
		        ADDRESS
		    )
		    VALUES (
		        SEQ_MEMBER_NO.NEXTVAL, 
		        #{memberId}, 
		        #{memberPwd}, 
		        #{memberName}, 
		        #{email}, 
		        #{birthDate}, 
		        #{phone},
		        #{address}
		    )
		</insert>
	
	<select id="idCheck" parameterType="string" resultType="_int">
		SELECT COUNT(*)
		  FROM MEMBER
		 WHERE MEMBER_ID = #{checkId}
	</select>
	
	<insert id="sendCertNo" parameterType="emailCert">
		INSERT INTO EMAIL_CERT(EMAIL
							 , CERT_NO
							 , CREATE_TIME)
					 VALUES(#{email}
					 	  , #{certNo}
					 	  , #{createTime})
	</insert>
				
		<select id="validate" resultMap="emailCertResultSet">
		    SELECT EMAIL, CERT_NO, CREATE_TIME
		    FROM EMAIL_CERT
		    WHERE EMAIL = #{email}
		      AND CERT_NO = #{checkNo}
		      AND CREATE_TIME >= SYSDATE - (3 / 1440)
		</select>

	
	<insert id="insertEmailCert" parameterType="map">
    INSERT INTO EMAIL_CERT (
        EMAIL,
        CERT_NO,
        CREATE_TIME
    ) VALUES (
        #{email},
        #{certNo},
        SYSDATE
    )
</insert>
	

    <select id="findId" parameterType="map" resultType="string">
        SELECT MEMBER_ID
        FROM MEMBER
        WHERE MEMBER_NAME = #{memberName}
          AND EMAIL = #{email}
    </select>
	
	
    <select id="findPwd" parameterType="map" resultType="string">
        SELECT MEMBER_PWD
        FROM MEMBER
        WHERE MEMBER_ID = #{memberId}
          AND EMAIL = #{email}
    </select>
	
			
		<update id="updatePassword" parameterType="map">
		    UPDATE MEMBER
		       SET TEMP_PWD = #{tempPwd}
		     WHERE MEMBER_ID = #{memberId}
		</update>
		
	<update id="updateMember" parameterType="member">
		UPDATE MEMBER 
		   SET MEMBER_NAME = #{memberName}
		       , EMAIL = #{email}
		       , BIRTH_DATE = #{birthDate}
		       , PHONE = #{phone}
		       , ADDRESS = #{address}
		    WHERE MEMBER_ID = #{memberId}
		      AND MEMBER_STATUS = 'Y'
	</update>

	<update id="deleteMember" parameterType="string">
		UPDATE MEMBER
		   SET MEMBER_STATUS = 'N'
		 WHERE MEMBER_ID = #{memberId}
		   AND MEMBER_STATUS = 'Y'
	</update>

	<update id="changePwd" parameterType="map">
		UPDATE MEMBER
		   SET MEMBER_PWD = #{memberPwd}
		     , TEMP_PWD = NULL
		 WHERE MEMBER_NO = #{memberNo}
		   AND MEMBER_STATUS = 'Y'
	</update>

	
	<select id="selectEncPw" parameterType="_int" resultType="string">
		SELECT MEMBER_PWD
		  FROM MEMBER
		 WHERE MEMBER_NO = #{memberNo}
	</select>
	<select id="selectTempPw" parameterType="_int" resultType="string">
    SELECT TEMP_PWD
      FROM MEMBER
     WHERE MEMBER_NO = #{memberNo}
</select>
	<!-- 카카오 사용자 조회 -->
	<select id="selectMemberByKakaoLogin" parameterType="string" resultMap="memberResultSet">
		SELECT *
		FROM MEMBER
		WHERE KAKAO_LOGIN = #{kakaoLogin}
		  AND MEMBER_STATUS = 'Y'
	</select>

	<!-- 카카오 사용자 삽입 -->
	<insert id="insertMemberWithKakao" parameterType="member">
		INSERT INTO MEMBER (
			MEMBER_NO, 
			MEMBER_ID, 
			EMAIL, 
			MEMBER_NAME, 
			KAKAO_LOGIN,
			MEMBER_STATUS,
			CREATE_DATE
		)
		VALUES (
			SEQ_MEMBER_NO.NEXTVAL, 
			#{memberId}, 
			#{email}, 
			#{memberName}, 
			#{kakaoLogin},
			'Y',
			SYSDATE
		)
	</insert>
	
	
</mapper>