<?xml version="1.0" encoding="UTF-8"?>
<!DOCTYPE mapper PUBLIC "-//mybatis.org//DTD Mapper 3.0//EN" "mybatis-3-mapper.dtd" >
<mapper namespace="packageMapper">

	<resultMap id="packageResultSet" type="package">
		<id column="PACKAGE_NO" property="packageNo" />
		<result column="PACKAGE_NAME" property="packageName" />
		<result column="AVAILABLE_START_DATE" property="availableStartDate" />
		<result column="AVAILABLE_END_DATE" property="availableEndDate" />
		<result column="PACKAGE_STATUS" property="packageStatus" />
		<result column="PACK_CHANGE_NAME" property="packChangeName" />
		<result column="PACK_IMG_PATH" property="packImgPath" />
		<result column="PACKAGE_PRICE" property="packagePrice" />
		<result column="PRODUCT_COMPOSIT" property="productComposit" />
		<result column="PACKAGE_SET" property="packageSet" />
	</resultMap>

	<!-- 패키지 상품 전체 갯수 조회용 쿼리문 -->
	<select id="selectListCount" resultType="_int">
		SELECT COUNT(*)
		  FROM PACKAGE_INFO
	</select>
	
	<!-- 패키지 상품 전체 목록 조회용 쿼리문 -->
	<select id="selectPackageList" resultMap="packageResultSet">
		SELECT  PACKAGE_NO
              , PACKAGE_NAME
              , AVAILABLE_START_DATE
              , AVAILABLE_END_DATE
              , PACKAGE_STATUS
              , PACK_CHANGE_NAME
              , PACK_IMG_PATH
		FROM PACKAGE_INFO
		ORDER BY PACKAGE_NO DESC
	</select>
	
	<!-- 해당 패키지 상품 상세 조회용 쿼리문 -->
	<select id="selectPackageDetail" parameterType="_int" resultMap="packageResultSet">
		SELECT PACKAGE_NO
              , PACKAGE_NAME
              , PACKAGE_PRICE
              , AVAILABLE_START_DATE
              , AVAILABLE_END_DATE
              , PRODUCT_COMPOSIT
              , PACKAGE_SET
              , PACKAGE_STATUS
		FROM PACKAGE_INFO
		WHERE PACKAGE_NO = #{packageNo}
	</select>
	
	<!-- 특정 패키지 상품의 이전 패키지 상품글 조회용 쿼리문 -->
	<select id="selectPrevPackage" parameterType="_int" resultMap="packageResultSet">
		SELECT PACKAGE_NO, PACKAGE_NAME
		FROM (
		    SELECT 
		        PACKAGE_NO, 
		        PACKAGE_NAME
		    FROM 
		        PACKAGE_INFO
		    WHERE 
		        PACKAGE_NO &lt; #{packageNo}
		    ORDER BY 
		        PACKAGE_NO DESC
		)
		WHERE ROWNUM = 1		
	</select>
	
	<!-- 특정 패키지 상품의 다음 패키지 상품글 조회용 쿼리문 -->
	<select id="SelectNextPackage" parameterType="_int" resultMap="packageResultSet">
		SELECT PACKAGE_NO, PACKAGE_NAME
		FROM (
		    SELECT 
		        PACKAGE_NO, 
		        PACKAGE_NAME
		    FROM 
		        PACKAGE_INFO
		    WHERE 
		        PACKAGE_NO &gt; #{packageNo}
		    ORDER BY 
		        PACKAGE_NO ASC
		)
		WHERE ROWNUM = 1
	</select>
	
	<!-- 패키지 상품 구성 번호에 따른 패키지 상품 목록 조회 -->
	<select id="selectPackageSet" parameterType="_int" resultMap="packageResultSet">
		SELECT  PACKAGE_NO
              , PACKAGE_NAME
              , AVAILABLE_START_DATE
              , AVAILABLE_END_DATE
              , PACKAGE_STATUS
              , PACK_CHANGE_NAME
              , PACK_IMG_PATH
		FROM PACKAGE_INFO
		WHERE PACKAGE_SET = #{packageSet}
		ORDER BY PACKAGE_NO DESC	
	</select>
	
	<!-- 패키지 상품 구성에 따른 패키지 상품 갯수 조회 -->
	<select id="selectPackageSetCount" parameterType="_int" resultType="_int">
		SELECT COUNT(*)
		FROM PACKAGE_INFO
		WHERE PACKAGE_SET = #{packageSet}
	</select>
	
	<!-- 패키지 구매내역 정보 추가 -->
	<insert id="insertPayInfo" parameterType="packagepay">
		INSERT INTO PACKAGE_RESERV(PACKAGE_RESERV_NO
                                 , TID
                                 , MEMBER_NO
                                 , PACKAGE_NO)
		VALUES (SEQ_PACKAGE_RESERV_NO.NEXTVAL
		                , #{tid}
		                , #{memberNo}
		                , #{packageNo})
	</insert>

</mapper>